first_name,last_name,age,email,phone,interests,postal_code,organization,profession,id
Jamie,Miranda,94,pmcgrath@example.net,(856)969-0898,aggregate killer systems,61985,Powell and Sons,Commissioning editor,1
Carolyn,Darin,87,ricardopierce@example.com,001-384-200-6006,grow virtual eyeballs,86581,House PLC,Tourist information centre manager,2
Mary,Joann,67,castroricky@example.com,+1-741-677-5833x6964,matrix 24/7 metrics,07812,"Gentry, Frazier and Morrison",Seismic interpreter,3
Meagan,Katrina,67,klucero@example.net,883-434-4474,maximize transparent eyeballs,96991,Brady-Robinson,Chief Operating Officer,4
Joyce,Melanie,60,tuckerrick@example.com,(313)302-9623,re-contextualize B2B models,37960,Fields PLC,Chief Operating Officer,5
Natasha,Dennis,34,vrandolph@example.org,(693)651-2634x44098,productize 24/365 deliverables,87714,"Carson, Becker and Harris","Scientist, product/process development",6
Brent,Shane,61,alexis15@example.org,001-938-252-6498,enhance dot-com markets,47928,Reilly-Coleman,Retail merchandiser,7
Kristen,Marco,21,beverly56@example.net,643-311-0378,engineer world-class channels,63287,"Saunders, Mckenzie and Crosby","Designer, multimedia",8
Nicole,Travis,28,drasmussen@example.org,(536)854-9189x899,innovate bleeding-edge e-tailers,52082,Ford Ltd,Printmaker,9
Kari,Stuart,56,autumn39@example.org,343-679-2846,cultivate mission-critical initiatives,22327,Gibbs-Alvarez,"Programmer, applications",10
Savannah,Eddie,38,josephchloe@example.org,+1-246-936-2119x8547,transition cross-media schemas,67544,Mullins Group,Furniture designer,11
Gordon,Eileen,38,ufrost@example.com,001-732-567-4054x4164,monetize dot-com content,32606,Clements Inc,Environmental education officer,12
Gwendolyn,Johnny,69,alison06@example.com,(515)359-5090x73903,productize robust technologies,34751,Gilbert-Steele,"Journalist, newspaper",13
Donna,Jimmy,27,xblanchard@example.net,(537)733-9883,empower mission-critical e-services,15264,Stokes-Roberson,Civil Service fast streamer,14
Chelsey,Meredith,78,jeffreyvincent@example.net,(341)974-4285,utilize one-to-one networks,26133,"Avery, Rowe and Noble",Adult nurse,15
Jacob,Bianca,53,ramseyshari@example.net,379.300.3920x58539,transition virtual architectures,50602,Murphy-Stephens,Quarry manager,16
Ross,Sara,56,gouldshannon@example.com,001-582-279-9684x948,engineer viral info-mediaries,53803,Vincent Inc,Operations geologist,17
Karl,Stephen,22,roy21@example.net,001-767-671-1145x96657,synergize robust technologies,25279,Brady Inc,"Horticulturist, commercial",18
Don,Michele,51,alexahanna@example.com,001-647-943-2807x71677,generate 24/7 relationships,18413,"Freeman, Mahoney and Nicholson",Charity officer,19
Claire,Christie,94,cassandragregory@example.net,700-781-8099,reinvent killer experiences,05621,Finley and Sons,Trade union research officer,20
Jaclyn,Jill,24,kaylee95@example.net,782-324-8010x60901,transform value-added mindshare,33531,Pruitt Group,"Therapist, occupational",21
Fred,Evan,58,yweaver@example.net,001-760-639-5162x06064,engage turn-key experiences,65424,Montgomery-Mckee,"Pharmacist, community",22
Patrick,Courtney,59,mdawson@example.net,+1-571-751-0069,facilitate enterprise methodologies,30916,"Cline, Gould and Hays","Therapist, nutritional",23
Sheri,Thomas,28,kirsten47@example.com,(705)452-6375,synergize next-generation channels,42867,"Cuevas, Shelton and Rowland",Administrator,24
Olivia,Gwendolyn,49,swallace@example.com,(843)495-5539,enhance collaborative users,97271,Ford-Villarreal,Volunteer coordinator,25
Carolyn,Alyssa,68,mason77@example.net,(912)580-8005x96983,scale front-end action-items,07823,Garcia LLC,"Therapist, drama",26
Gail,Brittney,46,rose03@example.net,(581)764-9466,innovate visionary applications,90704,"Benton, Kirby and Cantrell",Barrister's clerk,27
Kimberly,Douglas,37,tamarathornton@example.com,611-917-9450,leverage extensible mindshare,56487,Chung Inc,General practice doctor,28
Elaine,Kylie,62,penny12@example.net,636.272.1011,reinvent real-time methodologies,14316,"Davidson, Duffy and Salas",Systems analyst,29
Ethan,Jeffrey,24,travis17@example.org,9672252558,target 24/365 e-tailers,90540,"Schmitt, Lang and Zimmerman",Ambulance person,30
Aimee,Alan,38,jacob91@example.net,4338412488,harness open-source technologies,85961,"Nolan, Mendoza and Yoder","Pharmacist, hospital",31
Darrell,Olivia,50,reyesdebra@example.org,635.492.8081,harness efficient functionalities,61806,"Cherry, Potts and Carson",Clinical cytogeneticist,32
Brian,Dustin,60,hahnfernando@example.org,(960)587-8488x08631,grow front-end communities,02238,Maynard Inc,Sports administrator,33
Peggy,Yesenia,43,hgrimes@example.org,(520)349-5073x650,benchmark front-end supply-chains,53802,"Romero, Horne and King",Occupational psychologist,34
Stefanie,Sandy,28,ballardernest@example.org,6534355360,envisioneer web-enabled e-commerce,42004,Ibarra Group,Animal technologist,35
Shane,Jay,70,roberta04@example.net,(484)974-9384,implement sticky action-items,62648,Thornton Inc,Medical physicist,36
Luke,Bonnie,88,sylviasims@example.com,979-369-8127x322,engineer seamless paradigms,92787,Murphy-Mendez,"Lecturer, higher education",37
Chelsea,Lindsay,58,marie65@example.com,+1-758-351-7240x6025,generate virtual systems,18423,"Ritter, Quinn and Townsend",Multimedia programmer,38
Luis,Max,76,wpace@example.net,905-824-5456,target dynamic content,83867,Wilkinson and Sons,Senior tax professional/tax inspector,39
Yvonne,Ivan,18,brewerdevon@example.org,(331)683-5204,repurpose collaborative interfaces,87302,"Mitchell, Hoover and Henry",Water quality scientist,40
Joanna,Jeanette,76,jessica66@example.com,569.749.6075,whiteboard dynamic communities,10849,Warner-Blanchard,Museum/gallery exhibitions officer,41
Herbert,Sean,73,djoseph@example.org,+1-916-944-6666,utilize 24/365 initiatives,12360,Carroll-Stout,Medical illustrator,42
Drew,Dustin,35,burnsjean@example.net,794.241.0707,maximize virtual users,79454,"York, Page and Daugherty",Estate manager/land agent,43
Sheri,Ryan,89,ramseyriley@example.net,762.642.4401x380,expedite one-to-one partnerships,23004,Hansen Inc,Accommodation manager,44
Tyler,Leslie,60,kaylee19@example.com,686-325-7872x762,revolutionize out-of-the-box architectures,03861,Nichols-Novak,Radio broadcast assistant,45
Alexis,Ricky,56,karl40@example.net,665-375-9431,deploy back-end platforms,17084,Mccullough and Sons,"Civil engineer, consulting",46
Carl,Henry,51,jose28@example.net,717-468-9088,benchmark impactful niches,80671,"Mason, Graves and Wyatt","Designer, textile",47
Emily,Martin,62,mindy15@example.net,4954668661,embrace synergistic users,10202,Hughes LLC,Paediatric nurse,48
Carlos,Karen,49,nathanielrussell@example.net,493-346-0616x177,enhance wireless mindshare,60412,"Matthews, Valentine and Long",Chemical engineer,49
Autumn,Denise,62,rodgersvictoria@example.org,805.382.9524x85007,reinvent open-source ROI,19941,"Rhodes, Scott and Shields",Careers adviser,50
Cindy,Judith,88,alejandro06@example.com,554-830-1348,monetize rich channels,63996,Wright-Donovan,"Librarian, public",51
Tanya,Ian,80,alexcarroll@example.org,+1-618-836-7471,re-intermediate interactive e-tailers,34309,"Christian, Robinson and Bradley",Podiatrist,52
Dean,Felicia,49,gperkins@example.net,(411)585-4395x16380,innovate front-end systems,40982,"Pineda, Hays and Roy",Arts administrator,53
Sheena,Kristie,22,ariasjeffrey@example.com,938.466.1205x413,seize user-centric technologies,48878,"Horton, Carpenter and Kent",Technical author,54
Kenneth,Jared,94,rosebarton@example.com,001-700-555-1558x4624,empower seamless info-mediaries,92706,Patel Ltd,Retail buyer,55
Randy,Summer,42,margaretmccarthy@example.com,244-575-6273,strategize ubiquitous systems,23673,"Randolph, Walter and Abbott",Communications engineer,56
Gabriela,Audrey,90,claudiaduarte@example.com,338-579-1272x97310,engage web-enabled models,30393,Baldwin-Curtis,"Engineer, structural",57
Roy,Jerry,89,davilachristopher@example.com,739-517-2591x5737,redefine vertical bandwidth,40546,"Riggs, Floyd and Zavala",Research scientist (medical),58
Fred,Marvin,38,georgeho@example.org,(238)959-9754x334,brand robust models,55868,"Dodson, Boyle and Mcdowell","Social research officer, government",59
Ruth,Mariah,22,hwise@example.org,(829)403-2560x620,expedite plug-and-play e-tailers,71446,Nielsen PLC,"Designer, fashion/clothing",60
Peter,Micheal,40,louisjimenez@example.net,+1-485-688-2026,morph efficient action-items,82709,"Lambert, Gregory and Day",Commercial horticulturist,61
Don,Kaitlyn,31,charles34@example.com,001-707-769-5199x9880,incentivize transparent deliverables,07191,Mcgrath-Payne,Equities trader,62
Charles,Maurice,80,kelli06@example.org,620-864-1413x694,facilitate integrated e-commerce,17399,Trevino Group,Statistician,63
William,Seth,95,steinalison@example.com,(522)438-5914x0832,incubate sticky networks,42578,Wade-Lyons,Interpreter,64
Shawn,Lisa,47,spencer01@example.com,(921)683-3044x9983,e-enable enterprise bandwidth,52415,Freeman-Stanley,"Librarian, public",65
Brett,Cassidy,66,katelynrichards@example.net,(823)425-6183,utilize rich models,51240,Gaines Group,"Surveyor, land/geomatics",66
Karla,Lynn,35,henryshields@example.org,001-202-762-9084x76449,engineer granular channels,03080,Shelton Inc,Museum/gallery conservator,67
Ernest,Frank,33,morganamy@example.org,992-527-9755x779,strategize robust systems,68877,Guzman and Sons,Photographer,68
Gabriel,Nathan,44,gerald35@example.com,+1-724-515-4749x39720,harness intuitive relationships,23784,Gordon LLC,English as a foreign language teacher,69
Mackenzie,Christy,56,bgallegos@example.com,2247790403,deploy cross-media ROI,60369,"Decker, Hickman and Frazier",Training and development officer,70
Karla,Caitlin,66,weeksrussell@example.com,001-269-629-7212,enable leading-edge communities,69209,Hull Ltd,Records manager,71
Destiny,Dakota,49,htate@example.com,001-333-749-6291x3264,transition sticky eyeballs,56925,"Diaz, Rosario and Jefferson",Camera operator,72
Frank,Mikayla,40,mgregory@example.net,(839)969-3776,mesh frictionless solutions,23608,Ibarra-Alexander,Gaffer,73
Jodi,Leah,89,hayley17@example.com,319-968-9178x176,scale viral mindshare,06169,Hughes-Brady,Warden/ranger,74
Alex,Gabriel,38,caitlyn92@example.com,679-712-6056x5478,harness collaborative architectures,68776,Figueroa and Sons,Photographer,75
Joel,Nathan,69,benitezdonald@example.org,537-615-9511,seize e-business experiences,31834,Harrington-Novak,Physiotherapist,76
Carol,Kirsten,45,kerry85@example.org,(334)294-9146x41592,aggregate revolutionary metrics,50463,"Murray, Pennington and Hansen",Optometrist,77
Veronica,Bradley,80,victoria89@example.com,001-546-968-7050x0557,disintermediate innovative bandwidth,82568,Taylor Group,Research scientist (maths),78
Norma,Hannah,88,stevechavez@example.net,3956525639,drive e-business partnerships,39876,Carrillo-Cohen,Counselling psychologist,79
Javier,Abigail,62,donna79@example.net,5827548332,embrace bleeding-edge technologies,31434,Dixon-Poole,Chiropractor,80
Isabella,Willie,73,chasestephanie@example.net,302-905-5777x2031,matrix rich systems,80035,"Baird, Kemp and Rollins","Accountant, chartered public finance",81
Breanna,Gary,40,pearsonderrick@example.com,403-742-0301,drive e-business metrics,88420,Gill-Bray,Paramedic,82
Ebony,Colleen,63,brandycurtis@example.net,633.483.4202x0402,strategize plug-and-play models,69843,"Moses, Zuniga and Raymond",Web designer,83
Xavier,Donna,90,nmorrow@example.net,+1-905-675-1392x04510,deliver B2C initiatives,82473,Ayers-Knight,Transport planner,84
Judith,Rachel,93,jeremy60@example.com,+1-392-825-1984,architect cutting-edge web-readiness,56724,Wu Inc,Energy engineer,85
Ruth,Cameron,69,fowlerhailey@example.com,001-482-936-1273x525,productize synergistic applications,82211,Perez-Richardson,Cartographer,86
Ann,Priscilla,80,jeremyorr@example.com,001-349-699-6934,cultivate visionary channels,59389,"Farley, Wilson and Anderson",Community pharmacist,87
Gail,Douglas,56,eatonpatrick@example.com,808-667-9241x6350,iterate 24/7 supply-chains,97546,Lambert-Boyer,IT consultant,88
Neil,Debbie,79,reidgabriella@example.com,+1-394-501-1747x1553,innovate leading-edge bandwidth,54996,Hawkins-Maynard,Control and instrumentation engineer,89
Jerome,Kristine,85,stacey64@example.com,8234652709,optimize out-of-the-box content,53263,Lee-Bush,"Scientist, research (life sciences)",90
Cheryl,Shane,43,tasha99@example.com,+1-248-937-0971,synthesize leading-edge e-commerce,08203,Morris-Sanchez,"Engineer, maintenance (IT)",91
Sonya,Jane,26,desiree27@example.com,870-359-1463,grow ubiquitous partnerships,58178,"Powers, Williams and Sampson",Public house manager,92
Mario,Danny,61,hubertheodore@example.com,680.963.3138x730,implement end-to-end markets,63188,"Olsen, Whitaker and Good",Geoscientist,93
Luke,Brian,80,doughertychristopher@example.com,914-986-5868x547,scale viral interfaces,44035,"Horn, Boyer and Shaffer",Investment analyst,94
Wayne,Hector,72,warnerconnor@example.org,518-223-6840,optimize viral niches,40369,Wiley-Willis,Solicitor,95
Ray,Dorothy,45,dean59@example.com,+1-235-316-2887x707,harness interactive markets,51226,Osborn and Sons,Personnel officer,96
Victoria,Madeline,30,billy59@example.org,477-397-3802,re-intermediate web-enabled technologies,80783,Petersen-Wright,Advertising art director,97
Javier,Roberta,81,manuelmcbride@example.net,770.929.3908,incentivize proactive initiatives,92059,Hoover PLC,"Production assistant, radio",98
Jamie,Dennis,18,isaiah27@example.net,402.203.7541x73034,enable proactive relationships,51857,"Cox, Mcgrath and Fry",Biomedical engineer,99
Cynthia,Tim,28,carrillochris@example.org,(276)857-7097x558,disintermediate robust platforms,09786,Cohen PLC,Musician,100
Cynthia,Morgan,69,lwoodward@example.net,584-892-2701,cultivate virtual markets,26829,"Harvey, Buck and Pham",Horticultural therapist,101
Riley,Vanessa,67,geraldyang@example.org,932.376.8909,repurpose ubiquitous models,61936,"Rush, Woods and Lowery",Race relations officer,102
Stefanie,Mikayla,38,gabriella35@example.com,001-453-723-4526x126,expedite end-to-end deliverables,60143,Phelps-Wong,Sport and exercise psychologist,103
Dominique,Jared,50,wfrost@example.org,+1-584-786-6841,streamline holistic partnerships,26681,Bolton Ltd,Dietitian,104
Vicki,Johnathan,87,hermanadrienne@example.org,(364)991-0427x9785,target B2C functionalities,91868,Mooney LLC,Dentist,105
Corey,Tanner,28,caroline31@example.org,+1-690-508-5566x3420,leverage next-generation e-markets,73104,Little Inc,Civil Service fast streamer,106
Connie,Lorraine,76,joe81@example.org,001-371-886-4351x7486,synthesize best-of-breed channels,87144,"Olsen, Walsh and Payne",Landscape architect,107
Tom,Lynn,28,ehayes@example.net,(615)697-1139,utilize web-enabled architectures,98442,Goodwin and Sons,Community development worker,108
Maxwell,Alejandro,51,cainrebecca@example.com,(989)336-2033x67437,innovate intuitive niches,02829,Lane LLC,Retail buyer,109
Pamela,Gordon,48,ewingian@example.com,+1-444-916-6579,revolutionize revolutionary users,28992,Lamb Group,"Scientist, research (life sciences)",110
Gavin,Ray,26,kelli53@example.com,283.945.8496x327,aggregate bleeding-edge portals,17395,Hahn Ltd,"Engineer, communications",111
Karl,Cassie,77,rhondacombs@example.org,+1-872-264-2754,drive user-centric e-services,33952,Howard Ltd,Furniture designer,112
Cory,Alexandria,26,ana33@example.org,(249)651-1635,enable revolutionary e-business,44766,Bowman-Anderson,Make,113
Rachel,Lance,90,wesley05@example.net,236.399.6556,transform synergistic mindshare,10388,Maldonado-Gallagher,Video editor,114
Annette,Jonathan,94,abigailkennedy@example.org,782-487-0213x9647,reinvent efficient architectures,17849,Hill-Davies,"Clinical scientist, histocompatibility and immunogenetics",115
Roy,Alisha,37,shariowens@example.net,930.912.5885x664,iterate out-of-the-box bandwidth,34535,"Gilmore, Pearson and Reyes",Video editor,116
Rodney,Tricia,78,boltonjulia@example.org,+1-670-418-2200x69460,cultivate killer action-items,17303,"Estrada, Cisneros and Pollard","Surveyor, land/geomatics",117
Ruben,Sarah,21,zoe47@example.net,+1-660-927-3813x64450,integrate granular architectures,55898,Ford Group,Community development worker,118
Louis,Damon,71,adkinsariel@example.net,713-849-1699,evolve end-to-end web services,17536,Ho-Phelps,Marketing executive,119
